title,url
第一章 重生蚊子，这开局咋玩？,https://www.xzmncy.com/list/58017/28052166.html
第二章 吸口血，意外和重生女帝签订血契？,https://www.xzmncy.com/list/58017/28052173.html
第三章 堂堂女帝重生，要和一只蚊子同生共死了？,https://www.xzmncy.com/list/58017/28052183.html
第四章 气血破1！第一次进化开始！,https://www.xzmncy.com/list/58017/28052192.html
第五章 进化成功！口器升级！,https://www.xzmncy.com/list/58017/28052198.html
第六章 顾月曦想要转到御兽科,https://www.xzmncy.com/list/58017/28052208.html
第七章 这就是御兽班？好像都是移动血包啊！,https://www.xzmncy.com/list/58017/28052213.html
第八章 校花的爱慕者？哥们你看人真准！,https://www.xzmncy.com/list/58017/28052221.html
第九章 女帝惊讶，这蚊子怎么感觉变强了？,https://www.xzmncy.com/list/58017/28052230.html
第十章 女帝别吃独食啊！灵青蛇的精血给我也来一口！,https://www.xzmncy.com/list/58017/28052237.html
第十一章 技能可以升级了？,https://www.xzmncy.com/list/58017/28052245.html
第十二章 虫族空间升级，开始大征兵！！,https://www.xzmncy.com/list/58017/28052253.html
第十三章 中级血脉的风刃狼？吸一口！,https://www.xzmncy.com/list/58017/28052261.html
第十四章 可以第二次进化了！,https://www.xzmncy.com/list/58017/28052269.html
第十五章 女帝震惊，怎么两天又进化了？！,https://www.xzmncy.com/list/58017/28052277.html
第十六章 一晚吸干灵青蛇尸体，女帝傻了！,https://www.xzmncy.com/list/58017/28052284.html
第十七章 五十气血！野兽的水平，这叫蚊子？,https://www.xzmncy.com/list/58017/28052290.html
第十八章 陈昊等人的震惊，这他妈是蚊子？！,https://www.xzmncy.com/list/58017/28052298.html
第十九章 女帝懵了，它还能召唤昆虫？！,https://www.xzmncy.com/list/58017/28052306.html
第二十章 蚊子配合女帝！拿下十五杀！,https://www.xzmncy.com/list/58017/28052315.html
第二十一章 陈昊等人的震惊，能团灭铁皮猪群，肯定是精锐小队干的！,https://www.xzmncy.com/list/58017/28052321.html
第二十二章 顾月曦的杀意。,https://www.xzmncy.com/list/58017/28052330.html
第二十三章 杀！全杀了！,https://www.xzmncy.com/list/58017/28052338.html
第二十四章 震动！难产的八品妖兽！,https://www.xzmncy.com/list/58017/28052346.html
第二十五章 我的很*！女帝忍一下！,https://www.xzmncy.com/list/58017/28052356.html
第二十六章 发现三只高级血脉幼崽！,https://www.xzmncy.com/list/58017/28052367.html
第二十七章 到嘴的机缘要被夺走了？楚生：别慌！我有办法！,https://www.xzmncy.com/list/58017/28052373.html
第二十八章 楚生的计划，引动兽潮？,https://www.xzmncy.com/list/58017/28052383.html
第二十九章 一人一蚊默契配合，成功潜入！,https://www.xzmncy.com/list/58017/28052393.html
第三十章 螳螂捕蝉，蚊子在后！,https://www.xzmncy.com/list/58017/28052399.html
第三十一章 顺利逃生，准备回学校躲躲！,https://www.xzmncy.com/list/58017/28052410.html
第三十二章 惊蛰公会的人这么快就来了？！,https://www.xzmncy.com/list/58017/28052416.html
第三十三章 唯一的活路，转学申请？,https://www.xzmncy.com/list/58017/28052424.html
第三十四章 第三次进化开始！,https://www.xzmncy.com/list/58017/28052431.html
第三十五章 进化完成！三个技能大升级！,https://www.xzmncy.com/list/58017/28052439.html
第三十六章 妖兽的灵智评级？,https://www.xzmncy.com/list/58017/28052449.html
第三十七章 女帝测试气血，震惊全场！,https://www.xzmncy.com/list/58017/28052456.html
第三十八章 你的契约兽灵智高？看看我的蚊子！,https://www.xzmncy.com/list/58017/28052464.html
第三十九章 帝级血脉才可能有的灵智，在一只蚊子身上？,https://www.xzmncy.com/list/58017/28052471.html
第四十章 多次测试！结果不变！真是极品灵智！,https://www.xzmncy.com/list/58017/28052478.html
第四十一章 展示个智商，就被城主府保护了？,https://www.xzmncy.com/list/58017/28052486.html
第四十二章 转学申请不会取消，你们学校，不配！,https://www.xzmncy.com/list/58017/28052495.html
第四十三章 女帝的新目标！,https://www.xzmncy.com/list/58017/28052503.html
第四十四章 吸吸吸！气血破四百！一品巅峰！！,https://www.xzmncy.com/list/58017/28052511.html
第四十五章 省府领导和惊蛰公会的人都来了？,https://www.xzmncy.com/list/58017/28052518.html
第四十六章 刚进入秘境，就被人用精神力锁定了？,https://www.xzmncy.com/list/58017/28052523.html
第四十七章 精神念师，实质化的精神力！,https://www.xzmncy.com/list/58017/28052532.html
第四十八章 女帝又看傻了，它连精神力都能吸？,https://www.xzmncy.com/list/58017/28052540.html
第四十九章 蕴神晶？这玩意儿我能吸吗？,https://www.xzmncy.com/list/58017/28052547.html
第五十章 一人一蚊老阴比组合，又要黄雀在后了？,https://www.xzmncy.com/list/58017/28052555.html
第五十一章 谁是螳螂？谁是黄雀？,https://www.xzmncy.com/list/58017/28052563.html
第五十二章 不好意思，你们是螳螂和麻雀，我们是猎人！,https://www.xzmncy.com/list/58017/28052569.html
第五十三章 疯了？留一只蚊子对付一品巅峰的武者？,https://www.xzmncy.com/list/58017/28052579.html
第五十四章 想不到吧？爷会飞！打不着！,https://www.xzmncy.com/list/58017/28052585.html
第五十五章 吸龟血！即将破五百气血！,https://www.xzmncy.com/list/58017/28052593.html
第五十六章 气血破二品！反超女帝！！,https://www.xzmncy.com/list/58017/28052600.html
第五十七章 吸蕴神晶！精神力直接超过女帝了？！,https://www.xzmncy.com/list/58017/28052606.html
第五十八章 考核即将结束，李月瑶81分一骑绝尘！,https://www.xzmncy.com/list/58017/28052613.html
第五十九章 两大天才破纪录，领导却只关注花瓶校花？,https://www.xzmncy.com/list/58017/28052620.html
第六十章 顾月曦只杀了两只妖兽？没错，两只二品中期！,https://www.xzmncy.com/list/58017/28052626.html
第六十一章 什么情况？为什么这些阵法师这么怕她？,https://www.xzmncy.com/list/58017/28052632.html
第六十二章 不好意思，蕴神晶已经被我们吸收了！,https://www.xzmncy.com/list/58017/28052638.html
第六十三章 什么年代了还隐藏实力？蚊爷我就是要人前显圣！,https://www.xzmncy.com/list/58017/28052645.html
第六十四章 逆天蚊子，震惊全场领导！,https://www.xzmncy.com/list/58017/28052650.html
第六十五章 各方大佬和领导疯狂送礼！展示潜力的意义！,https://www.xzmncy.com/list/58017/28052657.html
第六十六章 第四次进化，开启！！,https://www.xzmncy.com/list/58017/28052662.html
第六十七章 明日启程都南市！,https://www.xzmncy.com/list/58017/28052668.html
第六十八章 进化完成！两个新技能！所有老技能全部升级！！,https://www.xzmncy.com/list/58017/28052672.html
第六十九章 进化点的另外三种获得途径！,https://www.xzmncy.com/list/58017/28052678.html
第七十章 王丽两人到达学校，遇上王会长了？,https://www.xzmncy.com/list/58017/28052684.html
第七十一章 你是什么东西敢说顾小姐？一巴掌扇飞！,https://www.xzmncy.com/list/58017/28052692.html
第七十二章 抵达都南，这里的地标建筑会变成防御塔攻击外地人？,https://www.xzmncy.com/list/58017/28052697.html
第七十三章 潜龙班！全省八大顶级天骄的议论！,https://www.xzmncy.com/list/58017/28052704.html
第七十四章 天骄们的震惊，你管这叫白纹伊蚊？！,https://www.xzmncy.com/list/58017/28052711.html
第七十五章 吸灵草获得进化点，没有饱腹感？可以一直吸？,https://www.xzmncy.com/list/58017/28052720.html
第七十六章 两个高级血脉，一个王级血脉？血包扎堆！,https://www.xzmncy.com/list/58017/28052723.html
第七十七章 吸干所有灵草，进化点暴增，女帝破防了！,https://www.xzmncy.com/list/58017/28052729.html
第七十八章 王级血脉的幼崽就是猛！一口吸八十气血！,https://www.xzmncy.com/list/58017/28052735.html
第七十九章 噬魂冥炎隐藏能力！能净化诅咒和妖兽血脉？,https://www.xzmncy.com/list/58017/28052742.html
第八十章 顶级天骄直接跪了，求蚊爷给他的契约兽也吸一口！,https://www.xzmncy.com/list/58017/28052747.html
第八十一章 三位顶级天骄的震撼，牛逼的不是她，是这只蚊子！,https://www.xzmncy.com/list/58017/28052751.html
第八十二章 萧然的感谢，一百株三品灵草！,https://www.xzmncy.com/list/58017/28052757.html
第八十三章 成年王级血脉妖兽全套精血？都南一中还有这种好东西？,https://www.xzmncy.com/list/58017/28052763.html
第八十四章 一千万积分才能兑换？三天时间有机会吗？,https://www.xzmncy.com/list/58017/28052769.html
第八十五章 都南市爆发虫灾？灵药产业遭遇危机？,https://www.xzmncy.com/list/58017/28052775.html
第八十六章 二品妖兽级别的害虫？能升级小弟了啊！,https://www.xzmncy.com/list/58017/28052780.html
第八十七章 现在合作我们只要一份精血，之后就不是这个价了,https://www.xzmncy.com/list/58017/28052785.html
第八十八章 噬灵虫群的可怕，蜂巢意志！,https://www.xzmncy.com/list/58017/28052789.html
第八十九章 想让蚊爷出手了？需要三份王级精血！,https://www.xzmncy.com/list/58017/28052794.html
第九十章 京城大师们的震撼，这蚊子逆天啊！,https://www.xzmncy.com/list/58017/28052799.html
第九十一章 吸一口五百气血！不愧是成年王级精血！,https://www.xzmncy.com/list/58017/28052804.html
第九十二章 蚊子的神操作，瞬间灭百万只噬灵虫！众人傻眼！,https://www.xzmncy.com/list/58017/28052809.html
第九十三章 收获颇丰！八千只二品中期的小弟！,https://www.xzmncy.com/list/58017/28052812.html
第九十四章 有病吧？联考第一的奖励我们本来就要拿的啊！,https://www.xzmncy.com/list/58017/28052817.html
第九十五章 闭关吸血，三天之后必入三品！,https://www.xzmncy.com/list/58017/28052821.html
第九十六章 女帝感到危机，这蚊子不会要噬主吧？,https://www.xzmncy.com/list/58017/28052826.html
第九十七章 气血突破三品！被燧明省总督找上门？,https://www.xzmncy.com/list/58017/28052832.html
第九十八章 省府求帮忙？我们需要港岛通行证！,https://www.xzmncy.com/list/58017/28052837.html
第九十九章 进入秘境，先把幽冥视界范围升到一万米！,https://www.xzmncy.com/list/58017/28052842.html
第一百章 先收个一万只二品巅峰小弟！！,https://www.xzmncy.com/list/58017/28052847.html
第一百零一章 联考开幕，总督亲自送到现场，还说不是关系户？！,https://www.xzmncy.com/list/58017/28052852.html
第一百零二章 海选赛？一群臭鱼烂虾，不配蚊爷出手，女帝你来！,https://www.xzmncy.com/list/58017/28052856.html
第一百零三章 联考开始！匹配第一轮就有顾月曦！,https://www.xzmncy.com/list/58017/28052861.html
第一百零四章 顾月曦要上场了？还要和二品初期武者打？,https://www.xzmncy.com/list/58017/28052868.html
第一百零五章 刀意雏形小成者，都南三中的王牌？（第一更）,https://www.xzmncy.com/list/58017/28052872.html
第一百零六章 出手就是地阶上品武学！女帝一指惊人！（第二更）,https://www.xzmncy.com/list/58017/28052876.html
第一百零七章 意境雏形很牛逼？女帝一指击出三大圆满意境！秒了！（三）,https://www.xzmncy.com/list/58017/28052881.html
第一百零八章 这哪是关系户啊？这是绝世妖孽啊！（第四更）,https://www.xzmncy.com/list/58017/28052885.html
第一百零九章 女帝秋后算账，所有造谣、谩骂过我的人，全部判刑！,https://www.xzmncy.com/list/58017/28052890.html
第一百一十章 现在该追责主谋了，王丽和王涛，不可饶恕！,https://www.xzmncy.com/list/58017/28052895.html
第一百一十一章 王涛和王丽的崩溃！蚊爷第五次进化结束！,https://www.xzmncy.com/list/58017/28052900.html
第一百一十二章 第五次进化！万虫替身，不死不灭！原始形态，究极老六！,https://www.xzmncy.com/list/58017/28052905.html
第一百一十三章 虫巢新功能——可直接进化小弟！（第二更）,https://www.xzmncy.com/list/58017/28052909.html
第一百一十四章 女帝气血和精神力双双突破！（第三更）,https://www.xzmncy.com/list/58017/28052913.html
第一百一十五章 隔壁天才的不以为意，二品中期？不构成威胁（第四更）,https://www.xzmncy.com/list/58017/28052918.html
第一百一十六章 灵武无间虚拟形象？捏个粉色大蘑菇！,https://www.xzmncy.com/list/58017/28052923.html
第一百一十七章 魂爆炎羽的蘑菇幻化特效！喷出白色袍子！,https://www.xzmncy.com/list/58017/28052928.html
第一百一十八章 连胜十八场后，匹配到一根大蘑菇？,https://www.xzmncy.com/list/58017/28052933.html
第一百一十九章 四品初期武者长枪一刺！居然破不了它的防？！,https://www.xzmncy.com/list/58017/28052938.html
第一百二十章 为什么它能召唤出上万只同类啊！（一更）,https://www.xzmncy.com/list/58017/28052943.html
第一百二十一章 破防的京大天骄，气的想要线下真实楚生！（二更）,https://www.xzmncy.com/list/58017/28052947.html
第一百二十二章 邪恶大蘑菇BOSS？官方整出来的外挂？！（三更）,https://www.xzmncy.com/list/58017/28052953.html
第一百二十三章 三品后期虐杀四品服务区！连胜四十场！天才们吓傻了！,https://www.xzmncy.com/list/58017/28052959.html
第一百二十四章 三省会考开始！（五更！）,https://www.xzmncy.com/list/58017/28052963.html
第一百二十五章 萧然的惊疑，难不成邪恶大蘑菇是那只蚊子？,https://www.xzmncy.com/list/58017/28052968.html
第一百二十六章 三省会考没有悬念了？顾月曦只能第三？,https://www.xzmncy.com/list/58017/28052974.html
第一百二十七章 蚊爷！才是最终BOSS！,https://www.xzmncy.com/list/58017/28052980.html
第一百二十八章 毫无悬念的最终对决？你们知道那蚊子有多牛逼吗？,https://www.xzmncy.com/list/58017/28052984.html
第一百二十九章 搞笑来的？召唤出一只蚊子？,https://www.xzmncy.com/list/58017/28052988.html
第一百三十章 蚊爷发力，一招秒了，你说你装什么逼呢？,https://www.xzmncy.com/list/58017/28052993.html
第一百三十一章 蚊爷赢下状元！异变突生？突如其来的迷雾！,https://www.xzmncy.com/list/58017/28052998.html
第一百三十二章 一人一蚊的困惑，我们到底得罪了什么大人物？,https://www.xzmncy.com/list/58017/28053003.html
第一百三十三章 面对四品中期的妖兽，顾月曦和那只蚊子必死了？呵呵！,https://www.xzmncy.com/list/58017/28053008.html
第一百三十四章 虫族天灾！开启！！,https://www.xzmncy.com/list/58017/28053010.html
第一百三十五章 三品巅峰蚊子VS四品中期金鳞独角猿！,https://www.xzmncy.com/list/58017/28053018.html
第一百三十六章 底牌尽出！以命搏命战术！血战四品中期妖兽！,https://www.xzmncy.com/list/58017/28053022.html
第一百三十七章 全场震撼，蚊爷一战惊天地！（四更）,https://www.xzmncy.com/list/58017/28053028.html
第一百三十八章 真以为能捡漏蚊爷？受伤也能给你一招秒了！,https://www.xzmncy.com/list/58017/28053033.html
第一百三十九章 逼问杀手，到底是谁想杀我们？,https://www.xzmncy.com/list/58017/28053039.html
第一百四十章 女帝还有奶妈功能？,https://www.xzmncy.com/list/58017/28053042.html
第一百四十一章 状元奖励王级血脉幼崽？直接杀了喂蚊子！,https://www.xzmncy.com/list/58017/28053047.html
第一百四十二章 进省府宝库，楚生直接开吸！,https://www.xzmncy.com/list/58017/28053052.html
第一百四十三章 祁总督的崩溃，小丫头片子心眼子怎么这么多啊！！,https://www.xzmncy.com/list/58017/28053059.html
第一百四十三章 气血熔炉！蚊爷迈入一转之境！,https://www.xzmncy.com/list/58017/28053063.html
第一百四十四章 气血境界再破！破七千！熔炉境二转！,https://www.xzmncy.com/list/58017/28053069.html
第一百四十五章 混入京爷的港岛研学队伍，引起京爷的不满了？,https://www.xzmncy.com/list/58017/28053075.html
第一百四十六章 京爷们的震惊，那个邪恶大蘑菇是真实存在的？,https://www.xzmncy.com/list/58017/28053079.html
第一百四十七章 港岛第一站！港岛大学！,https://www.xzmncy.com/list/58017/28053085.html
第一百四十八章 一群烦人的苍蝇，逼女帝出手了！,https://www.xzmncy.com/list/58017/28053091.html
第一百四十八章 比精神力？女帝一招秒了！,https://www.xzmncy.com/list/58017/28053095.html
第一百四十九章 遍地都是实质化精神力！蚊爷忍不了了！,https://www.xzmncy.com/list/58017/28053100.html
第一百四十九章 蚊爷直接跑路！自己玩儿去了！,https://www.xzmncy.com/list/58017/28053105.html
第一百五十章 改造一个小弟！也是开上机甲了家人们！,https://www.xzmncy.com/list/58017/28053110.html
第一百五十一章 港大御兽学院散养契约兽？我勒个满地血包啊啊啊！,https://www.xzmncy.com/list/58017/28053115.html
第一百五十二章 心海琉璃塔！精神力天赋的具现化！,https://www.xzmncy.com/list/58017/28053119.html
第一百五十三章 四道同修的顶级七品天骄？女帝都懒得看！,https://www.xzmncy.com/list/58017/28053123.html
第一百五十四章 妖兽们的渴望，楚生被盯上了？,https://www.xzmncy.com/list/58017/28053128.html
第一百五十五章 炎皇亲临，塔里还有高手？,https://www.xzmncy.com/list/58017/28053132.html
第一百五十六章 被众契约兽当成大哥了？？,https://www.xzmncy.com/list/58017/28053136.html
第一百五十七章 京爷们的惶恐，我们得罪了未来女帝？,https://www.xzmncy.com/list/58017/28053140.html
第161章 展露帝境天赋，港岛十大家族来贺,https://www.xzmncy.com/list/58017/28053144.html
第162章 顾月曦誓要碾压楚生，苦修开始！,https://www.xzmncy.com/list/58017/28053148.html
第163章 熔炉三转，准备下一次全面进化！,https://www.xzmncy.com/list/58017/28053152.html
第164章 精神力暴涨，女帝快还是我快？,https://www.xzmncy.com/list/58017/28053155.html
第165章 契约兽记录挑战赛？楚生准备包圆了,https://www.xzmncy.com/list/58017/28053160.html
第166章 慕家最大灵植庄园？你蚊爷来了！,https://www.xzmncy.com/list/58017/28053163.html
第167章 潜入慕家庄园，进化点暴涨,https://www.xzmncy.com/list/58017/28053167.html
第168章 领悟雷火意境，慕临渊天塌了！,https://www.xzmncy.com/list/58017/28053171.html
第169章 无限幻兽？看我吸不吸你就完事了,https://www.xzmncy.com/list/58017/28053175.html
第170章 大丰收，八品灵植到手！,https://www.xzmncy.com/list/58017/28053179.html
第171章 吸取八品灵植，本命空间开启！,https://www.xzmncy.com/list/58017/28053183.html
第172章 入四品！两次小进化！一次大进化！开始！,https://www.xzmncy.com/list/58017/28053186.html
第173章 第六次进化，新技能诞生,https://www.xzmncy.com/list/58017/28053190.html
第174章 天炎之火的威力,https://www.xzmncy.com/list/58017/28053194.html
第175章 蟑螂会写字？新螂战宝有粉丝了！,https://www.xzmncy.com/list/58017/28053198.html
第176章 新招式，魂爆炎羽PLUS版！,https://www.xzmncy.com/list/58017/28053201.html
第177章 全项第一！超级神螂，御兽学院要起飞了？,https://www.xzmncy.com/list/58017/28053205.html
第178章 御兽学院要给楚生选主人？有新校花了？,https://www.xzmncy.com/list/58017/28053209.html
第179章 驯服千羽雪鹰，开启小闭关！,https://www.xzmncy.com/list/58017/28053213.html
第180章 御兽学院第一高手归来，自信自己放养的契约兽忠心耿耿？,https://www.xzmncy.com/list/58017/28053217.html
第181章 千羽雪鹰也不听话了？苏璃人麻了！,https://www.xzmncy.com/list/58017/28053221.html
第182章 它……是帝级血脉？！,https://www.xzmncy.com/list/58017/28053225.html
第183章 新技能，免疫精神攻击！,https://www.xzmncy.com/list/58017/28053229.html
第184章 女帝怒了！你一个蚊子选什么妃？！,https://www.xzmncy.com/list/58017/28053233.html
第185章 女帝要加入港大，众院长都疯了！,https://www.xzmncy.com/list/58017/28053237.html
第186章 慕辰：打不过蘑菇，我还打不过你一只蟑螂了？！,https://www.xzmncy.com/list/58017/28053241.html
第187章 倒霉的慕辰，京大天才又寄了！,https://www.xzmncy.com/list/58017/28053245.html
第188章 我去！匹配到顾月曦了？要和女帝正面打一架了？,https://www.xzmncy.com/list/58017/28053248.html
第189章 重生的女帝和转生的蚊子，究竟哪个更屌？,https://www.xzmncy.com/list/58017/28053251.html
第190章 实力暴涨的女帝！楚生还能挡住吗？,https://www.xzmncy.com/list/58017/28053254.html
第191章 胜负已分，楚生输了？,https://www.xzmncy.com/list/58017/28053257.html
第192章 可惜了，蚊爷有挂！,https://www.xzmncy.com/list/58017/28053261.html
第193章 千羽雪鹰的求助，苏璃有麻烦？,https://www.xzmncy.com/list/58017/28053264.html
第194章 御兽学院是本蟑螂罩着的！,https://www.xzmncy.com/list/58017/28053267.html
第195章 岛国留学生要和苏璃单挑？楚生：加注！,https://www.xzmncy.com/list/58017/28053270.html
第196章 自带意境的刀？拿来吧你！！,https://www.xzmncy.com/list/58017/28053273.html
第197章 融合意境？本蚊也会！,https://www.xzmncy.com/list/58017/28053276.html
第198章 边吸边被电，楚生爽歪了！雷之意境圆满！,https://www.xzmncy.com/list/58017/28053279.html
第199章 再次小进化，雷系新神技出现！,https://www.xzmncy.com/list/58017/28053282.html
第200章 选妃开始，被迫成为渣蚊,https://www.xzmncy.com/list/58017/28053285.html
第201章 御兽学院陷入绝境，要被踢出港大？,https://www.xzmncy.com/list/58017/28053288.html
第202章 学院大比开启，顾月曦降临,https://www.xzmncy.com/list/58017/28053291.html
第203章 楚生有新御主？女帝吃醋了！,https://www.xzmncy.com/list/58017/28053294.html
第204章 蟑螂是队长，御兽学院脑子被门挤了？,https://www.xzmncy.com/list/58017/28053297.html
第205章 战术布置，一只蟑螂能有什么战术？,https://www.xzmncy.com/list/58017/28053300.html
第206章 进入秘境，有挂就是爽,https://www.xzmncy.com/list/58017/28053303.html
第207章 重启虫族大军计划，闷声发大财,https://www.xzmncy.com/list/58017/28053306.html
第208章 操控虫族能力被发现，身份要暴露了？,https://www.xzmncy.com/list/58017/28053309.html
第209章 和女帝solo？依旧一招秒了。,https://www.xzmncy.com/list/58017/28053312.html
第210章 新螂战宝2号出现，分身也有机甲穿,https://www.xzmncy.com/list/58017/28053315.html
第211章 大逃杀开始，御兽学院全军覆灭！,https://www.xzmncy.com/list/58017/28053320.html
第212章 顾月曦杀疯了，御兽学院要躺赢？,https://www.xzmncy.com/list/58017/28053323.html
第213章 比分碾压，御兽学院只能靠苟躺赢？,https://www.xzmncy.com/list/58017/28053326.html
第214章 女帝再次pk楚生！正面对决！,https://www.xzmncy.com/list/58017/28053328.html
第215章 最后的悬念，楚生斩获了多少积分？,https://www.xzmncy.com/list/58017/28053332.html
第216章 零分也能拿第一？女帝彻底傻了,https://www.xzmncy.com/list/58017/28053334.html
第217章 这次真服了，御兽学院真捡到宝了,https://www.xzmncy.com/list/58017/28053337.html
第218章 异变突生，只能靠女帝和神螂了？,https://www.xzmncy.com/list/58017/28053341.html
第219章 真兽潮来袭，菲国的阴谋！,https://www.xzmncy.com/list/58017/28053344.html
第220章 蚊爷身份暴露！！十大家族要缉拿楚生和顾月曦！！,https://www.xzmncy.com/list/58017/28053347.html
第221章 兽潮将至，混乱的人心！,https://www.xzmncy.com/list/58017/28053350.html
第222章 顾月曦顶不住了！楚生救场！,https://www.xzmncy.com/list/58017/28053353.html
第223章 六品兽群pk楚生虫族大军！,https://www.xzmncy.com/list/58017/28053356.html
第224章 召唤虫群！正面对质港大几大院长！,https://www.xzmncy.com/list/58017/28053359.html
第225章 港岛十二皇之首，港岛城主降临！,https://www.xzmncy.com/list/58017/28053362.html
第226章 城主亲至，九大家族齐至，是来问罪的？,https://www.xzmncy.com/list/58017/28053365.html
第227章 炎皇的地位都不如一只蚊子？,https://www.xzmncy.com/list/58017/28053368.html
第228章 虫兽合体，科研狂魔楚生又开始了,https://www.xzmncy.com/list/58017/28053371.html
第229章 超级虫兽组合体，百变形态启动！,https://www.xzmncy.com/list/58017/28053374.html
第230章 杀机涌现，未来女帝被彻底盯上了,https://www.xzmncy.com/list/58017/28053377.html
第231章 一人一蚊双双晋级，新被动技能来了,https://www.xzmncy.com/list/58017/28053380.html
第232章 宝库天敌，楚生他来了！,https://www.xzmncy.com/list/58017/28053383.html
第233章 大夏队伍集结，慕临渊觉得自己又行了？,https://www.xzmncy.com/list/58017/28053386.html
第234章 皇级气场？女帝直接无视,https://www.xzmncy.com/list/58017/28053389.html
第235章 三国大比开始，要玩就玩大的！,https://www.xzmncy.com/list/58017/28053391.html
第236章 进入沉星古脉，楚生又又开挂了？,https://www.xzmncy.com/list/58017/28053394.html
第237章 星源晶核，居然是土灵珠？,https://www.xzmncy.com/list/58017/28053397.html
第238章 意境之力自助餐厅，准备开炫,https://www.xzmncy.com/list/58017/28053400.html
第235章 完蛋！居然还有女帝过不去的幻阵？,https://www.xzmncy.com/list/58017/28053403.html
第236章 女帝战甲，前世的顾月曦回来了！,https://www.xzmncy.com/list/58017/28053406.html
第239章 第一个淘汰者出现了，大夏形势堪忧,https://www.xzmncy.com/list/58017/28053409.html
第240章 自适应战甲？谁说蚊子不能穿战甲了？,https://www.xzmncy.com/list/58017/28053412.html
第239章 寂灭战甲，女帝战甲加强版？,https://www.xzmncy.com/list/58017/28053416.html
第241章 慕临渊彻底疯狂，女帝战甲也顶不住了！,https://www.xzmncy.com/list/58017/28053419.html
第242章 退后，蚊爷要开始装逼了！,https://www.xzmncy.com/list/58017/28053422.html
第243章 秘境入口关闭，顾月曦死在里面了？,https://www.xzmncy.com/list/58017/28053424.html
第247章 一人碾压二十人，大夏赢了？,https://www.xzmncy.com/list/58017/28053427.html
第248章 大夏输了？问过本蚊爷了吗！,https://www.xzmncy.com/list/58017/28053430.html
第249章 杀无赦，沉星岛归大夏了！,https://www.xzmncy.com/list/58017/28053433.html
第250章 刺客之道，幽灵刺客现身！,https://www.xzmncy.com/list/58017/28053436.html
第251章 顾月曦要和楚生，解除契约？！,https://www.xzmncy.com/list/58017/28053439.html
第252章 跟蚊爷比瞬移？那你不完犊子了嘛,https://www.xzmncy.com/list/58017/28053442.html
第253章  地狱门禁制，真凶浮现,https://www.xzmncy.com/list/58017/28053445.html
第254章 一百多颗星源晶核，意境之力涨爆了！,https://www.xzmncy.com/list/58017/28053447.html
第255章 晶核吸收完毕，第七次进化一步之遥！,https://www.xzmncy.com/list/58017/28053450.html
第256章 慕家投敌？白鹰帝国的条件！,https://www.xzmncy.com/list/58017/28053453.html
第257章 女帝的傲娇，顾月曦也会分身术？,https://www.xzmncy.com/list/58017/28053456.html
第258章 慕家的计划，一个都别想走！,https://www.xzmncy.com/list/58017/28053458.html
第259章 三万噬灵虫兽vs一百慕家子弟vs？虐杀！,https://www.xzmncy.com/list/58017/28053462.html
第260章 五档开启，御兽女帝是金牌辅助？,https://www.xzmncy.com/list/58017/28053464.html
第261章 九大家族听令，慕雄陷入绝境,https://www.xzmncy.com/list/58017/28053466.html
第262章 慕家彻底灭亡，是时候回去了,https://www.xzmncy.com/list/58017/28053470.html
第263章 猛吸慕家资源，第七次全面进化开启！,https://www.xzmncy.com/list/58017/28053473.html
第264章 噬神刺，哪怕是神也吸给你看！,https://www.xzmncy.com/list/58017/28053476.html
第265章 全城封禁，都南市发生危机？,https://www.xzmncy.com/list/58017/28053479.html
第266章 诡异的启灵丹，异族初现,https://www.xzmncy.com/list/58017/28053482.html
第267章 全城搜捕，虫兽大军也异变了？,https://www.xzmncy.com/list/58017/28053485.html
第268章 异族好啊，异族大补！,https://www.xzmncy.com/list/58017/28053488.html
第269章 复活的陈明？陈家祖祠之谜,https://www.xzmncy.com/list/58017/28053491.html
第270章 疯狂的陈家人，异族邪神降临！,https://www.xzmncy.com/list/58017/28053494.html
第271章 邪神降临，雷皇亲至！,https://www.xzmncy.com/list/58017/28053497.html
第272章  军部教育署来人，楚生要被夺舍？,https://www.xzmncy.com/list/58017/28053500.html
第273章 全城异变，灭城危机！,https://www.xzmncy.com/list/58017/28053503.html
第274章 全城最后的希望，顾月曦神蚊还活着！,https://www.xzmncy.com/list/58017/28053506.html
第275章 全城封锁，燧明省即将沦为战域,https://www.xzmncy.com/list/58017/28053509.html
第276章 搏命，最强状态+最强一击！,https://www.xzmncy.com/list/58017/28053512.html
第277章 邪神夺舍，最后的底牌,https://www.xzmncy.com/list/58017/28053515.html
第278章 谁说底牌只能有一张？不能是一对！,https://www.xzmncy.com/list/58017/28053518.html
第279章 战神厉战天，对楚生鞠躬了！,https://www.xzmncy.com/list/58017/28053521.html
第280章 消化完毕，精神力突破五品！,https://www.xzmncy.com/list/58017/28053524.html
第281章 前往京大报道，没人认识顾月曦？,https://www.xzmncy.com/list/58017/28053527.html
第282章 京都也有未来大帝？还有两个？！,https://www.xzmncy.com/list/58017/28053530.html
第283章 噬神刺的威力，女帝被吸晕了,https://www.xzmncy.com/list/58017/28053533.html
第284章 京大第一课，女帝对女帝？,https://www.xzmncy.com/list/58017/28053536.html
第285章 女帝逼格这块，还得是顾月曦！,https://www.xzmncy.com/list/58017/28053539.html
第286章 作死二人组，秦无道与慕辰！,https://www.xzmncy.com/list/58017/28053544.html
第287章  军部教育署奖励已送达，空冥石！,https://www.xzmncy.com/list/58017/28053547.html
第288章 空间意境大圆满，双技能提升！,https://www.xzmncy.com/list/58017/28053550.html
第289章 又见融魂寄神术，苏映雪实力暴涨,https://www.xzmncy.com/list/58017/28053553.html
第290章 苏映雪的战书，女帝vs女帝激情大战？,https://www.xzmncy.com/list/58017/28053556.html
第291章 战功勋章，秦无道的自傲,https://www.xzmncy.com/list/58017/28053558.html
第292章 破军五星，顾月曦是战场女杀神？！,https://www.xzmncy.com/list/58017/28053562.html
第293章一剑秒了，未来女帝之争结束？,https://www.xzmncy.com/list/58017/28053565.html
第294章 禁术中的禁术，慕辰的险恶阴谋,https://www.xzmncy.com/list/58017/28053568.html
第295章 秒杀七品？这就是没有战力的蚊子？,https://www.xzmncy.com/list/58017/28053572.html
第296章 残酷的武道时代，天骄的悲哀,https://www.xzmncy.com/list/58017/28053575.html
第297章 女帝的计划，预计时长两年半,https://www.xzmncy.com/list/58017/28053578.html
第298章 学分堂，蚊爷驾到,https://www.xzmncy.com/list/58017/28053581.html
第299章 秦无道的变态心理，天骄变舔狗？,https://www.xzmncy.com/list/58017/28053584.html
第300章 虫族天灾，十万只四品妖兽！,https://www.xzmncy.com/list/58017/28053587.html
第301章升级冥炎虫巢，收割时间到！,https://www.xzmncy.com/list/58017/28053590.html
第302章什么九号秘境？这里简直是本蚊爷的宝藏福地！,https://www.xzmncy.com/list/58017/28053593.html
第303章 又满了！狂囤十几万气血血包！,https://www.xzmncy.com/list/58017/28053597.html
第304章 新的噬血妖蜂，兵蜂现身！,https://www.xzmncy.com/list/58017/28053601.html
第305章水镜之门，水分身顾月曦,https://www.xzmncy.com/list/58017/28053603.html
第306章兽御主达成？顾月曦喊楚生主人？,https://www.xzmncy.com/list/58017/28053606.html
第307章 全军覆没，血染蜂巢！,https://www.xzmncy.com/list/58017/28053609.html
第308章 沉睡的蜂后，帝魄玄晶！,https://www.xzmncy.com/list/58017/28053612.html
第309章 蜂巢本身，才是真正的大宝贝儿！,https://www.xzmncy.com/list/58017/28053615.html
第310章 楚生主外，顾月曦主内？,https://www.xzmncy.com/list/58017/28053618.html
第311章 我救我自己？我教我自己？,https://www.xzmncy.com/list/58017/28053621.html
第312章 蜂后苏醒，帝魄玄晶的归属！,https://www.xzmncy.com/list/58017/28053624.html
第313章 主人的命令，水分身顾月曦的古怪行为,https://www.xzmncy.com/list/58017/28053627.html
第314章 双女帝联手做局，绝对领域,https://www.xzmncy.com/list/58017/28053630.html
第315章三方争抢，秦无道成最终赢家？,https://www.xzmncy.com/list/58017/28053633.html
第316章蜂巢坍塌，帝魄玄晶的最终归属,https://www.xzmncy.com/list/58017/28053636.html
第317章 蜂巢坍塌的原因，双境界大突破,https://www.xzmncy.com/list/58017/28053639.html
第318章 女帝慌了，顾月曦的请求！,https://www.xzmncy.com/list/58017/28053642.html
第319章 二十六万虫兽大军？剑指百万！,https://www.xzmncy.com/list/58017/28053645.html
第320章 秦三爷到来，秦无道没死？,https://www.xzmncy.com/list/58017/28053648.html
第321章 百万积分，零号秘境的开端,https://www.xzmncy.com/list/58017/28053651.html
第322章 噬血妖蜂的用处，强制采血！,https://www.xzmncy.com/list/58017/28053654.html
第323章 突破六品，气血永动鸡？,https://www.xzmncy.com/list/58017/28053657.html
第324章 白鹰帝国，国际青年武道大赛,https://www.xzmncy.com/list/58017/28053660.html
第325章京大的初选名单，顾月曦入选,https://www.xzmncy.com/list/58017/28053663.html
第326章 顾学妹是软柿子，人人都想捏？,https://www.xzmncy.com/list/58017/28053666.html
第327章不用排队了，我赶时间,https://www.xzmncy.com/list/58017/28053669.html
第328章京大，又来了一个小妖孽？,https://www.xzmncy.com/list/58017/28053672.html
第329章 未来双帝另一帝，骑在顾月曦脸上装比？,https://www.xzmncy.com/list/58017/28053675.html
第330章 前往白鹰帝国，诡异空域,https://www.xzmncy.com/list/58017/28053678.html
第331章 绝灵海域，特殊的武道大比规则？,https://www.xzmncy.com/list/58017/28053681.html
第332章未来双帝，生死未卜？,https://www.xzmncy.com/list/58017/28053685.html
第333章 天阶灵器，萧天活下来了！,https://www.xzmncy.com/list/58017/28053688.html
第334章 深海巨鲸，楚生和顾月曦被吃了？,https://www.xzmncy.com/list/58017/28053691.html
第335章 脱困之路，女帝要被拉出来？,https://www.xzmncy.com/list/58017/28053694.html
第336章 绝灵海域最深处，神秘的神道气息,https://www.xzmncy.com/list/58017/28053697.html
第337章 凡之领域，海底神墓,https://www.xzmncy.com/list/58017/28053700.html
第338章 特殊的武道大比规则，绝境测试,https://www.xzmncy.com/list/58017/28053703.html
第339章 沧海桑田，楚生又穿越了？,https://www.xzmncy.com/list/58017/28053705.html
第340章 神念回忆，林道生与小白,https://www.xzmncy.com/list/58017/28053708.html
第341章 凡域崩塌，顾月曦拔剑了！,https://www.xzmncy.com/list/58017/28053711.html
第342章 十人进九人出，一个都不能少？,https://www.xzmncy.com/list/58017/28053715.html
第343章 绝地测试结束，前往白鹰帝国,https://www.xzmncy.com/list/58017/28053718.html
第344章 一觉醒来，精神力暴涨五十万？！,https://www.xzmncy.com/list/58017/28053722.html
第345章 第二阶段开启，困兽之斗！,https://www.xzmncy.com/list/58017/28053724.html
第346章 大乱斗，顾月曦主动出战,https://www.xzmncy.com/list/58017/28053728.html
第347章 楚生的计划，目标布朗家族,https://www.xzmncy.com/list/58017/28053731.html
第348章 白鹰帝国好啊，楚生狠喜欢,https://www.xzmncy.com/list/58017/28053734.html
第349章 第二阶段，困兽之斗，开启！,https://www.xzmncy.com/list/58017/28053738.html
第350章 嚣张的白鹰队，顾月曦被盯上了？,https://www.xzmncy.com/list/58017/28053741.html
第351章 队长vs队长？队员vs队员？（三千字大章）,https://www.xzmncy.com/list/58017/28053744.html
第352章 发狂的威廉，蚊子腿打人会痛吗？（三千字大章）,https://www.xzmncy.com/list/58017/28053747.html
第353章 大乱斗结束，大夏暂列第一,https://www.xzmncy.com/list/58017/28053749.html
第354章 困兽之斗第二轮，车轮死战！,https://www.xzmncy.com/list/58017/28053753.html
第355章 车轮血战第一战，萧天战死了？,https://www.xzmncy.com/list/58017/28053756.html
第356章 未来大帝的改变，再也不敢装杯了,https://www.xzmncy.com/list/58017/28053760.html
第357章 人，怎么能自信成这样？,https://www.xzmncy.com/list/58017/28053761.html
第358章 樱花神道流剑术，剑域形成！,https://www.xzmncy.com/list/58017/28053763.html
第359章 剑域破，樱花国选手彻底疯了,https://www.xzmncy.com/list/58017/28053765.html
第360章 献祭召唤术，樱花国神兽登场,https://www.xzmncy.com/list/58017/28053767.html
第361章 蚊爷显圣！看呆各国老外,https://www.xzmncy.com/list/58017/28053769.html
第362章 楚生的战力，六品可战九品！,https://www.xzmncy.com/list/58017/28053771.html
第361章 第三颗头颅，发狂的八岐大蛇,https://www.xzmncy.com/list/58017/28053773.html
第364章 闹剧，该结束了,https://www.xzmncy.com/list/58017/28053774.html
第365章 黑炎再现，全歼樱花国！,https://www.xzmncy.com/list/58017/28053775.html
第366章 神子名额？林动的选择,https://www.xzmncy.com/list/58017/28053776.html
第367章 大夏终结之战，终结或被终结？,https://www.xzmncy.com/list/58017/28053777.html
第368章 神子名额，登神的机缘？！,https://www.xzmncy.com/list/58017/28053778.html
第369章 大战开启，楚生不见了？,https://www.xzmncy.com/list/58017/28053779.html
第370章 剑出五厘米！一件斩威廉？,https://www.xzmncy.com/list/58017/28053780.html
第371章 三阶段启动，恐怖的兽化威廉,https://www.xzmncy.com/list/58017/28053781.html
第372章 终结，纽瓦克市被劈开了！,https://www.xzmncy.com/list/58017/28053782.html
第373章 武道大赛落幕，尘埃落定,https://www.xzmncy.com/list/58017/28053783.html
第374章 数据盘点，距离第七次完全进化一步之遥,https://www.xzmncy.com/list/58017/28053784.html
第375章 倒霉的布朗家族，亚当种下的恶果,https://www.xzmncy.com/list/58017/28053785.html
第376章 楚生吸爽了， 白鹰帝国哭惨了,https://www.xzmncy.com/list/58017/28053786.html
第377章 意外之客，金茧与少女,https://www.xzmncy.com/list/58017/28053787.html
第378章 女帝出关，死蚊子被皇境强者堵住了？,https://www.xzmncy.com/list/58017/28053788.html
第379章 全网直播！新螂战宝的表演,https://www.xzmncy.com/list/58017/28053789.html
第380章 戏耍白鹰安全组，完全进化结束,https://www.xzmncy.com/list/58017/28053790.html
第381章轮回圣蚊！新技能吊炸天！,https://www.xzmncy.com/list/58017/28053791.html
第383章 两大领域，又一终极底牌！,https://www.xzmncy.com/list/58017/28053792.html
第383章 王级秘境，本蚊岂能错过！,https://www.xzmncy.com/list/58017/28053793.html
第384章 万倍重力，帝境传承的波动？,https://www.xzmncy.com/list/58017/28053794.html
第385章 终点将至？天痕裂渊的机缘,https://www.xzmncy.com/list/58017/28053795.html
第386章百米石碑，原来是个警示牌？,https://www.xzmncy.com/list/58017/28053796.html
第387章 百万倍重力！深渊下的囚徒！,https://www.xzmncy.com/list/58017/28053797.html
第388章 恐怖的域外凶兽，三人行必有人死,https://www.xzmncy.com/list/58017/28053798.html
第389章 凶兽还是神兽？你还是说鹰文吧！,https://www.xzmncy.com/list/58017/28053799.html
第390章大无语，又给我干哪来了,https://www.xzmncy.com/list/58017/28053800.html
第391章 又被干到了万年前？小黑的记忆,https://www.xzmncy.com/list/58017/28053801.html
第392章 第三个顾月曦？重生的真相？,https://www.xzmncy.com/list/58017/28053802.html
第393章 剑威再现，天痕裂渊这下真裂了  ,https://www.xzmncy.com/list/58017/28053803.html
第394章 域外凶兽真死了？钉子的真正主人 ,https://www.xzmncy.com/list/58017/28053804.html
第395章 金蝉脱壳？域外凶兽居然跑了！,https://www.xzmncy.com/list/58017/28053805.html
第396章 全美大逃亡？全美大拆迁！,https://www.xzmncy.com/list/58017/28053806.html
第397章 回到大夏，顺路给樱花国一点温暖,https://www.xzmncy.com/list/58017/28053807.html
第398章 盘点收获，偷偷前往异族战场,https://www.xzmncy.com/list/58017/28053808.html
第399章 十大家族出面，神子名额不保？,https://www.xzmncy.com/list/58017/28053809.html
第400章初到北域，与林小兄弟的对视,https://www.xzmncy.com/list/58017/28053810.html
第401章 异族战场的辛勤收尸工,https://www.xzmncy.com/list/58017/28053811.html
第402章 百万生命精华，秦无道又来了,https://www.xzmncy.com/list/58017/28053812.html
第403章 秦无道的同类？神子名额的真相！,https://www.xzmncy.com/list/58017/28053813.html
第404章 舆论狂潮，楚生偷尸被逮住了？,https://www.xzmncy.com/list/58017/28053814.html
第405章 楚生被包了？别激动，自己人！,https://www.xzmncy.com/list/58017/28053815.html
第406章 是友军！北域战区第一道防线,https://www.xzmncy.com/list/58017/28053816.html
第407章 深入魔眼，罗战的机密任务,https://www.xzmncy.com/list/58017/28053817.html
第408章 风浪越大鱼越贵，君王级异族精血,https://www.xzmncy.com/list/58017/28053818.html
第409章 苏映雪的劝告，教育署来人,https://www.xzmncy.com/list/58017/28053819.html
第410章 女帝没有生气，但女帝有点烦了！,https://www.xzmncy.com/list/58017/28053820.html
第411章 女人打架，千万不要插手,https://www.xzmncy.com/list/58017/28053821.html
第412章 十大家族，暴风雨即将来临,https://www.xzmncy.com/list/58017/28053822.html
第413章 跟我谈？你还不够格,https://www.xzmncy.com/list/58017/28053823.html
第414章 领域的对抗，火之领域开！,https://www.xzmncy.com/list/58017/28053824.html
第415章 领域对抗，领域之间亦有差距？,https://www.xzmncy.com/list/58017/28053825.html
第416章七母齐至？游戏才刚刚开始,https://www.xzmncy.com/list/58017/28053826.html
第417章 火之领域的反弹！皇境陨落！,https://www.xzmncy.com/list/58017/28053827.html
第419章 蚀魂针的能力，破域！,https://www.xzmncy.com/list/58017/28053828.html
第420章 局势反转，让那些老家伙给我滚过来！,https://www.xzmncy.com/list/58017/28053829.html
第420章 弥天大祸？顾月曦到底想干嘛！,https://www.xzmncy.com/list/58017/28053830.html
第421章 谈判？你们不配，给我烧！,https://www.xzmncy.com/list/58017/28053831.html
第422章 冒犯古往今来第一御兽女帝的代价,https://www.xzmncy.com/list/58017/28053832.html
第423章 不给面子，那就打！,https://www.xzmncy.com/list/58017/28053833.html
第424章 顾月曦要嫁入秦家？最好的解决方案？,https://www.xzmncy.com/list/58017/28053834.html
第425章 闹剧收场，但一切只是开始？,https://www.xzmncy.com/list/58017/28053835.html
第426章 诛杀令，顾月曦再度闭关,https://www.xzmncy.com/list/58017/28053836.html
第427章 异族降临，楚生可算是开餐了,https://www.xzmncy.com/list/58017/28053837.html
第428章 战场搅屎棍，楚生冲进了空间通道？,https://www.xzmncy.com/list/58017/28053838.html
第429章 岩石峰林，异族的军事基地？,https://www.xzmncy.com/list/58017/28053839.html
第430章 仿异族虫甲和虚空蟾,https://www.xzmncy.com/list/58017/28053840.html
第431章 异族的修炼资源——异星能量晶体,https://www.xzmncy.com/list/58017/28053841.html
第432章 帝王洞府惊魂，本蚊爷的“间谍”生涯,https://www.xzmncy.com/list/58017/28053842.html
第433章 十天两百万，从未有过如此美满的收获！,https://www.xzmncy.com/list/58017/28053843.html
第434章 空间本源，想去哪就去哪！,https://www.xzmncy.com/list/58017/28053844.html
第435章 异族的猛攻计划，如何返回蓝星？,https://www.xzmncy.com/list/58017/28053845.html
第436章 机会来了，楚生彻底豁出去了,https://www.xzmncy.com/list/58017/28053846.html
第437章 重启空间通道，重返蓝星,https://www.xzmncy.com/list/58017/28053847.html
第438章  第438章 红色警报，最高指挥部的质疑,https://www.xzmncy.com/list/58017/28053848.html
第439章 三大军区的支援，北域存亡战,https://www.xzmncy.com/list/58017/28053849.html
第440章 援军到了！罗战的动容,https://www.xzmncy.com/list/58017/28053850.html
第441章 帝境领域，最年轻的帝境？,https://www.xzmncy.com/list/58017/28053851.html
第442章 情报有误？信任的崩塌,https://www.xzmncy.com/list/58017/28053852.html
第443章 第一防线被攻陷，异族来了！,https://www.xzmncy.com/list/58017/28053853.html
第444章罗战倒了？秦震的悔恨！,https://www.xzmncy.com/list/58017/28053854.html
第445章 北域将破，连楚生也没办法了么？,https://www.xzmncy.com/list/58017/28053855.html
第446章凡域开启！斩杀君王级异族！,https://www.xzmncy.com/list/58017/28053856.html
第447章 比顾月曦还牛的天骄？何许人也？,https://www.xzmncy.com/list/58017/28053857.html
第448章林动的交易条件，想挖顾月曦墙角？,https://www.xzmncy.com/list/58017/28053858.html
第449章 北域，本蚊爷，保了！,https://www.xzmncy.com/list/58017/28053859.html
第450章 我们回来，是为了那些回不来的人,https://www.xzmncy.com/list/58017/28053860.html
第451章 北域最后一战，楚生逆天的空间能力,https://www.xzmncy.com/list/58017/28053861.html
第452章 升级大计，一人即是军队！,https://www.xzmncy.com/list/58017/28053862.html
第453章 神蚊驾到，表演时间到！,https://www.xzmncy.com/list/58017/28053863.html
第454章 局势逆转，以战养战！,https://www.xzmncy.com/list/58017/28053864.html
第455章 北域守住了，帝境之战！,https://www.xzmncy.com/list/58017/28053865.html
第454章节 帝境与帝王级异族的对决！封无忌要输？,https://www.xzmncy.com/list/58017/28053866.html
第457章 天赐良机，为所欲为！,https://www.xzmncy.com/list/58017/28053867.html
第458章 紫幽魔主虚了，楚生爽了,https://www.xzmncy.com/list/58017/28053868.html
第459章 彻底镇压，七三开？谁七？,https://www.xzmncy.com/list/58017/28053869.html
第456章 北域士兵的最高敬意，向神蚊阁下，敬礼！  ,https://www.xzmncy.com/list/58017/28053870.html
第461章 精神力突破九品！顾女帝压力山大了！,https://www.xzmncy.com/list/58017/28053871.html
第462章 北域战事汇报，神蚊的奇迹篇章,https://www.xzmncy.com/list/58017/28053872.html
第463章 官方身份，大夏神蚊,https://www.xzmncy.com/list/58017/28053873.html
第464章 分别，楚生的修炼计划,https://www.xzmncy.com/list/58017/28053874.html
第465章 月华女帝，一百多岁的老太婆？,https://www.xzmncy.com/list/58017/28053875.html
第466章 老太婆还想色诱？月华女帝的试探,https://www.xzmncy.com/list/58017/28053876.html
第467章 顾月曦出关，月华女帝的挑衅！,https://www.xzmncy.com/list/58017/28053877.html
第468章   我来了，然后呢？,https://www.xzmncy.com/list/58017/28053878.html
第469章 冒犯女帝，已是死罪！,https://www.xzmncy.com/list/58017/28053879.html
第470章 未来女帝VS百年女帝,https://www.xzmncy.com/list/58017/28053880.html
第471章 你也配？动我的小女帝？,https://www.xzmncy.com/list/58017/28053881.html
第472章 一语道破秘密，月华女帝的震惊,https://www.xzmncy.com/list/58017/28053882.html
第473章 回到京都，京都大学出事了,https://www.xzmncy.com/list/58017/28053883.html
第474章 轩辕世家出世，京大的晦暗之日,https://www.xzmncy.com/list/58017/28053884.html
第475章 午门囚笼，轩辕青的挑衅,https://www.xzmncy.com/list/58017/28053885.html
第476章 跟本帝比对法则的理解？愚蠢！,https://www.xzmncy.com/list/58017/28053886.html
第477章 轩辕家隐以为傲的手段？给本帝破！,https://www.xzmncy.com/list/58017/28053887.html
第478章 能吸就是好宝宝，异界之火？,https://www.xzmncy.com/list/58017/28053888.html
第479章 意外的新技能，寂灭冥炎！,https://www.xzmncy.com/list/58017/28053889.html
第480章 老登有点东西！强势的赵老,https://www.xzmncy.com/list/58017/28053890.html
第481章 七大家族再度围攻，血狱囚天阵,https://www.xzmncy.com/list/58017/28053891.html
第482章 嚣张的柳苍澜，京大之殇,https://www.xzmncy.com/list/58017/28053892.html
第483章 等一道命令，四大战区的愤怒,https://www.xzmncy.com/list/58017/28053893.html
第483章 镇国勋章的含金量，谁敢放肆！,https://www.xzmncy.com/list/58017/28053894.html
第485章 龙战国的愤怒，传令，护神蚊！,https://www.xzmncy.com/list/58017/28053895.html
第486章 一剑斩神，一人一蚊血战开启,https://www.xzmncy.com/list/58017/28053896.html
第487章 寂灭十档再次开启，皇境巅峰的陨落！,https://www.xzmncy.com/list/58017/28053897.html
第488章 拔剑？你也配！自取其辱的轩辕青,https://www.xzmncy.com/list/58017/28053898.html
第489章 四大战区齐至，谁敢伤我大夏神蚊！,https://www.xzmncy.com/list/58017/28053899.html
第490章 这，就是大夏神蚊的排面！,https://www.xzmncy.com/list/58017/28053900.html
第491章 轩辕鸿亲至，轩辕世家嫡长子,https://www.xzmncy.com/list/58017/28053901.html
第492章 轩辕青死了？轩辕鸿的邀请！,https://www.xzmncy.com/list/58017/28053902.html
第493章 午门落幕，开启第九次全面进化,https://www.xzmncy.com/list/58017/28053903.html
第494章 京大天骄榜的变动，零号秘境！,https://www.xzmncy.com/list/58017/28053904.html
第495章 曾经的天骄榜第一，回来了,https://www.xzmncy.com/list/58017/28053905.html
第496章 进化完成，差一步王境！,https://www.xzmncy.com/list/58017/28053906.html
第497章 新技能，新领域，百米神蚊的诞生,https://www.xzmncy.com/list/58017/28053907.html
第498章 时光荒原，诡异的时间陷阱,https://www.xzmncy.com/list/58017/28053908.html
第499章 半神秘境第一餐，时间本源,https://www.xzmncy.com/list/58017/28053909.html
第500章 神秘之物，女帝重生的秘密,https://www.xzmncy.com/list/58017/28053910.html
第501章 因果莲与静止森林,https://www.xzmncy.com/list/58017/28053911.html
第502章 诡异妖兽，神秘的圣女,https://www.xzmncy.com/list/58017/28053912.html
第503章 玉石台阶，停滞神殿之门开启,https://www.xzmncy.com/list/58017/28053913.html
第504章 登神长阶，进入神殿的代价！,https://www.xzmncy.com/list/58017/28053914.html
第505章 时光走廊，人类楚生！,https://www.xzmncy.com/list/58017/28053915.html
第506章 龟速赛跑，无能的秦无道？,https://www.xzmncy.com/list/58017/28053916.html
第507章 时痕沙漏到手！六翅黑蚊脱困！,https://www.xzmncy.com/list/58017/28053917.html
第509章 洪荒凶兽，六翅黑蚊蚊道人！,https://www.xzmncy.com/list/58017/28053918.html
第508章 时光之门，古帝的陷阱,https://www.xzmncy.com/list/58017/28053919.html
第510章 六翅黑蚊和轮回圣蚊，蚊道人的阴谋！,https://www.xzmncy.com/list/58017/28053920.html
第511章 跟我比吸吸？蚊祖也得靠边站！,https://www.xzmncy.com/list/58017/28053921.html
第512章 神奇的血循环，蚊道人顶不住了！,https://www.xzmncy.com/list/58017/28053922.html
第513章 新的进化方式，血脉融合进化,https://www.xzmncy.com/list/58017/28053923.html
第514章 顾月曦vs云瑶，巫族的目的,https://www.xzmncy.com/list/58017/28053924.html
第515章 时间迷宫，第三层的最大秘密！,https://www.xzmncy.com/list/58017/28053925.html
第516章 重生之门，楚生的抉择,https://www.xzmncy.com/list/58017/28053926.html
第517章 悲催的古帝，楚生的真正抉择！,https://www.xzmncy.com/list/58017/28053927.html
第518章 重逢，依旧傲娇的小女帝,https://www.xzmncy.com/list/58017/28053928.html
第519章 云瑶的决定，楚生成主人了？,https://www.xzmncy.com/list/58017/28053929.html
第520章 时间就是资源，零号秘境的真正宝贵之处,https://www.xzmncy.com/list/58017/28053930.html
第521章 楚生的计划，四大目的地！,https://www.xzmncy.com/list/58017/28053931.html
第522章 直接在秦府宝库住下，不走了,https://www.xzmncy.com/list/58017/28053932.html
第523章 命轮境，终于王境了！,https://www.xzmncy.com/list/58017/28053933.html
第523章 第十次全面进化开启，给我猛猛加速！,https://www.xzmncy.com/list/58017/28054996.html
第524章 神秘画卷，天劫现！,https://www.xzmncy.com/list/58017/28055001.html
第525章 恐怖的天劫！秦府裂开了,https://www.xzmncy.com/list/58017/28057422.html
第526章 禁神法则，楚生的愤怒！,https://www.xzmncy.com/list/58017/28057425.html
第527章 歪嘴神蚊，这波楚生赚麻了！,https://www.xzmncy.com/list/58017/28059692.html
第528章 秦家的损失算什么？算活该！,https://www.xzmncy.com/list/58017/28059695.html
第529章 进化完成，所有技能大升级？,https://www.xzmncy.com/list/58017/28062180.html
第530章 意外收获，小天地太初洞天,https://www.xzmncy.com/list/58017/28062183.html
第531章 巫族祖地，洞天世界！,https://www.xzmncy.com/list/58017/28064556.html
第532章 巫族秘事，被囚禁的圣女云瑶,https://www.xzmncy.com/list/58017/28064560.html
第533章 绝望的诅咒之力，共玄的威胁,https://www.xzmncy.com/list/58017/28066821.html
第534章 号角起，十二脉巫族集结！,https://www.xzmncy.com/list/58017/28066823.html
第535章 祖巫号角，三请圣蚊大人,https://www.xzmncy.com/list/58017/28069269.html
第536章 三形态闪亮登场，楚生到底能不能行？,https://www.xzmncy.com/list/58017/28069278.html
第537章 天王老子来了，也得看本蚊的心情！,https://www.xzmncy.com/list/58017/28071824.html
第538章 圣殿开，祖殿现！,https://www.xzmncy.com/list/58017/28071829.html
第539章 万虫殿，活了数千上万年的虫子！,https://www.xzmncy.com/list/58017/28074277.html
第540章 太初母巢，楚生收爽了！,https://www.xzmncy.com/list/58017/28074287.html
第541章 久违的死亡，两只虫兽的大战！,https://www.xzmncy.com/list/58017/28077157.html
第542章 输了？但一切都在计划之中！,https://www.xzmncy.com/list/58017/28077160.html
第543章 巫族祖地的来历，楚生不敢闯了？,https://www.xzmncy.com/list/58017/28079528.html
第544章 巫玄的计划，来自神启时代的大人！,https://www.xzmncy.com/list/58017/28079529.html
第545章 巫族祖殿？不好意思是本蚊爷的了！,https://www.xzmncy.com/list/58017/28082739.html
第546章 顾月曦的领悟，全新的意境之剑！,https://www.xzmncy.com/list/58017/28082744.html
第547章 大乱斗结束，大夏暂列第一,https://www.xzmncy.com/list/58017/28053749.html
第五百四十八章 想不到吧？爷会飞！打不着！,https://www.xzmncy.com/list/58017/28052585.html
